{"cameraMode":{"drawMode":0,"name":"Shaded","section":"Shading Mode"},"sceneLighting":false,"audioPlay":false,"sceneViewState":{"showFog":true,"showMaterialUpdate":false,"showSkybox":false,"showFlares":true,"showImageEffects":true,"showParticleSystems":true},"in2DMode":false,"pivot":{"x":-2.5293259620666506,"y":0.38656026124954226,"z":1.05830717086792},"rotation":{"x":-0.18766143918037415,"y":0.6030781865119934,"z":-0.148747518658638,"w":-0.7609125375747681},"size":2.3699660301208498,"orthographic":false}