{"cameraMode":{"drawMode":0,"name":"Shaded","section":"Shading Mode"},"sceneLighting":false,"audioPlay":false,"sceneViewState":{"showFog":true,"showMaterialUpdate":false,"showSkybox":false,"showFlares":true,"showImageEffects":true,"showParticleSystems":true},"in2DMode":false,"pivot":{"x":-0.20727992057800294,"y":0.7599999904632568,"z":-3.190000057220459},"rotation":{"x":0.1250564455986023,"y":-0.6181848049163818,"z":0.10046777129173279,"w":0.7694947123527527},"size":7.957886219024658,"orthographic":false}