{"cameraMode":{"drawMode":0,"name":"Shaded","section":"Shading Mode"},"sceneLighting":false,"audioPlay":false,"sceneViewState":{"showFog":true,"showMaterialUpdate":false,"showSkybox":false,"showFlares":true,"showImageEffects":true,"showParticleSystems":true},"in2DMode":false,"pivot":{"x":1.1061763763427735,"y":2.8590245246887209,"z":-1.000000238418579},"rotation":{"x":-0.5038414001464844,"y":-0.054606013000011447,"z":0.03193788602948189,"w":-0.8614794611930847},"size":7.132948398590088,"orthographic":false}