{"cameraMode":{"drawMode":0,"name":"Shaded","section":"Shading Mode"},"sceneLighting":false,"audioPlay":false,"sceneViewState":{"showFog":true,"showMaterialUpdate":false,"showSkybox":false,"showFlares":true,"showImageEffects":true,"showParticleSystems":true},"in2DMode":false,"pivot":{"x":-3.5411760807037355,"y":0.006418049335479736,"z":0.7720961570739746},"rotation":{"x":-0.15447422862052918,"y":0.6732383966445923,"z":-0.14689011871814729,"w":-0.7080574035644531},"size":2.273878812789917,"orthographic":false}