{"cameraMode":{"drawMode":0,"name":"Shaded","section":"Shading Mode"},"sceneLighting":false,"audioPlay":false,"sceneViewState":{"showFog":true,"showMaterialUpdate":false,"showSkybox":false,"showFlares":true,"showImageEffects":true,"showParticleSystems":true},"in2DMode":false,"pivot":{"x":-16.290000915527345,"y":1.9299999475479127,"z":-0.559999942779541},"rotation":{"x":-0.24277929961681367,"y":0.5789945125579834,"z":-0.1859896332025528,"w":-0.7558169364929199},"size":6.959286689758301,"orthographic":false}